,controversiality,body,score
0,0,"tf.Tensor(
[[ 4.68271449e-02 -3.58592942e-02  3.31761241e-02 -1.03894407e-02
   7.00603873e-02  8.23631603e-03  4.19921204e-02 -4.88724783e-02
   3.63024697e-02  5.66227734e-02  9.42961406e-03 -1.35208750e-02
   7.58359348e-03 -3.13326642e-02 -5.71459858e-03  5.27045019e-02
  -3.26074697e-02 -1.86034199e-02  2.34859847e-02 -1.68712270e-02
  -6.48163632e-02 -2.57779695e-02  6.88991277e-03 -4.21649264e-03
  -4.55378592e-02  6.25400767e-02 -2.12408463e-03  5.28115258e-02
  -5.18617919e-03  3.02377045e-02 -2.30759960e-02 -1.35613512e-02
   2.05565318e-02  4.09859084e-02  9.39438771e-03  3.38624567e-02
  -2.84808408e-02  2.13996470e-02  1.81458388e-02  2.72854734e-02
   6.19365387e-02 -2.90971156e-02 -2.82158069e-02  1.08160995e-01
  -7.80578353e-04  9.43658035e-03 -3.35554220e-02  1.27133522e-02
  -3.39548551e-02 -3.02977134e-02  2.11329013e-02 -1.14426889e-01
  -2.70010009e-02  8.93799067e-02 -2.09940635e-02  1.39216250e-02
  -4.93824296e-02 -1.56785715e-02  8.53637755e-02  2.47359686e-02
   3.38434465e-02  1.97775569e-02 -3.95038687e-02  3.53522748e-02
  -8.99981335e-03  5.09735420e-02  2.38255877e-02 -1.42076723e-02
   3.27486359e-02  1.47303976e-02 -3.67545635e-02  4.64749010e-03
   9.09475330e-03 -8.35365895e-03 -2.58932207e-02  5.10133198e-03
  -5.56663014e-02  4.04301882e-02 -1.02670339e-03 -6.77351579e-02
  -8.85508768e-03  1.26695717e-02  2.27522738e-02 -7.19332099e-02
  -4.96908389e-02 -1.84755288e-02 -2.09680554e-02 -1.68954022e-02
   8.45211931e-03  7.00178891e-02  3.48005258e-03  2.15834249e-02
   2.19738465e-02 -1.95079003e-04  5.43345213e-02 -5.83093008e-03
   2.08737087e-02 -1.07080052e-02 -7.87113234e-02  2.76109725e-02
  -6.90588057e-02 -9.11541283e-02  1.88523103e-02  1.00718345e-02
   3.60837504e-02  3.30294557e-02  4.17215154e-02  5.88870496e-02
   5.62625229e-02  3.10065281e-02  1.74164120e-02  5.86599819e-02
   2.60247923e-02  2.20092130e-03  2.86569931e-02 -1.16077960e-01
   2.79630143e-02  1.93780772e-02 -1.21984565e-04 -5.54353697e-03
   8.44754558e-03  2.98111867e-02 -2.89010499e-02  1.84285901e-02
   5.47216646e-02  3.55108008e-02  2.32477468e-02  2.79385839e-02
   9.53466520e-02 -1.64892469e-02 -4.58555901e-03  8.85292829e-04
  -9.33193415e-03  1.30100781e-02  2.17747204e-02 -1.20127536e-02
   5.60975969e-02 -2.82567460e-02 -8.31341892e-02 -7.97948893e-03
   1.92291606e-02  9.89965443e-03  2.14580502e-02 -6.28479272e-02
  -4.71363589e-02 -6.97412947e-03 -1.81262940e-02  4.01935838e-02
  -3.98486517e-02  6.70664981e-02  2.62804460e-02  5.16219325e-02
   5.41011095e-02 -8.37645866e-03  4.54560407e-02 -1.07506260e-01
   1.29256705e-02 -6.18023984e-02 -6.76227137e-02  1.88851114e-02
   1.13028719e-03 -1.87731441e-02  3.84676121e-02  2.79486608e-02
  -6.83909580e-02 -9.65790544e-03 -3.64941880e-02  1.73809566e-02
   6.32094443e-02  2.84206178e-02  9.07005221e-02 -1.05913095e-02
   4.25586887e-02 -3.43683967e-03 -4.36563604e-02 -2.51502953e-02
   7.04699680e-02 -3.67271304e-02 -4.42698337e-02 -3.81336510e-02
   7.23287463e-02  1.68399215e-02  4.77326103e-02 -4.24675271e-02
   2.91271284e-02 -5.85266501e-02  1.26439752e-02 -3.83216664e-02
   1.73797067e-02 -7.52072111e-02  4.91059646e-02  1.84976012e-02
  -6.90042321e-03  7.06998557e-02 -5.05774887e-03 -8.70758593e-02
  -1.13587668e-02 -3.05030160e-02  2.35302355e-02 -2.30398010e-02
   6.13331469e-03 -1.20925521e-02  1.72737744e-02  8.80928412e-02
   9.29799601e-02 -1.92465913e-02 -1.05866805e-01 -4.39255014e-02
   5.72584802e-04 -6.48471266e-02 -1.07179899e-02 -6.46852772e-04
   7.78609738e-02 -4.13823463e-02 -6.68073678e-03 -8.51184595e-03
   1.35390610e-02  4.60780365e-03 -4.45845947e-02 -4.16202657e-02
   4.57861722e-02  5.61084114e-02  4.65011448e-02 -1.77074969e-02
  -2.84866598e-02  1.02076709e-01  3.96989472e-02  2.93968748e-02
  -6.27349839e-02 -1.29381716e-02  1.47960819e-02 -4.53304425e-02
   6.46003801e-03  1.16082348e-01 -3.56465019e-02  4.58456650e-02
   8.37148428e-02  5.27110323e-03 -1.16041526e-01 -9.16909240e-03
   2.62648836e-02  2.29510497e-02  1.51436869e-02  1.25719197e-02
  -3.01288571e-02  2.17843484e-02 -6.09977692e-02  6.02170713e-02
  -9.26178992e-02 -4.50365208e-02 -2.03027334e-02 -6.15355112e-02
   1.42560368e-02 -4.58957814e-03  6.23302422e-02  1.36768883e-02
   3.73041779e-02  9.65685621e-02  1.88155065e-03 -1.47736883e-02
  -5.72214238e-02 -1.69597697e-02  6.54788837e-02  2.16008537e-02
   4.63747606e-02  2.17844360e-02 -3.96923497e-02  9.74016730e-03
  -3.36251296e-02  8.54664668e-02  1.16064198e-01  1.01435624e-01
   2.41659884e-03  7.25657642e-02  2.35617030e-02  1.91303808e-02
   3.32132354e-02  3.50003652e-02  5.64492606e-02  6.79242164e-02
  -8.31780024e-03 -5.79125360e-02  6.29056543e-02 -3.28637809e-02
  -4.58853357e-02 -7.17678631e-06  3.37955542e-02  2.77730767e-02
  -9.01785120e-03 -1.78638380e-03  2.61830203e-02 -5.91843128e-02
  -1.08360708e-01 -1.51183074e-02  6.08637324e-03  5.52093349e-02
   1.14966678e-02 -2.09046900e-03 -1.82950627e-02 -4.02089432e-02
  -7.83125535e-02  6.46821363e-03  4.79987189e-02 -7.45949820e-02
  -1.83026884e-02  5.25951087e-02  4.10128757e-02 -1.56453252e-02
  -5.93489744e-02  2.88059320e-02  1.80516969e-02  3.46782710e-03
   6.99670017e-02 -7.98193961e-02 -1.82389263e-02 -3.12297139e-02
  -1.38811506e-02 -3.41786370e-02  2.94571947e-02 -3.97776999e-02
   1.86966769e-02 -9.84560400e-02  3.15440148e-02  2.67170276e-02
  -2.32390943e-03  3.01455632e-02  2.59159449e-02 -2.65004206e-02
   4.11701761e-03 -2.18734611e-02 -1.59895942e-02  2.21454334e-02
  -4.14110906e-02 -5.52604608e-02 -2.63889544e-02  4.50071655e-02
   4.80167428e-03 -7.43180839e-03  5.02150021e-02 -4.23813984e-02
  -2.39897147e-02 -4.42174822e-02 -1.52909271e-02  1.50690591e-02
   3.94719802e-02  2.79968139e-02  9.10898298e-03 -1.29208667e-02
   4.04792204e-02 -7.98925105e-03  4.41987738e-02 -2.72315294e-02
  -2.22807080e-02  1.39820168e-03 -6.76760599e-02  1.51998848e-02
  -1.08764187e-01 -5.25531135e-02 -3.34196398e-03 -6.00076951e-02
  -3.57231162e-02  2.48807967e-02  1.08816065e-01 -7.56401420e-02
  -3.46917496e-03  5.53679932e-03  7.16463998e-02 -4.17889729e-02
  -6.12303279e-02 -5.06782532e-03  3.55024710e-02  1.71413962e-02
  -9.11608618e-03  4.21141200e-02  1.02373073e-02 -1.69082433e-02
  -3.65544595e-02 -4.49872762e-02  6.23068959e-02 -7.15098828e-02
  -3.94245749e-03 -7.00036511e-02  2.97436565e-02  1.37615576e-02
  -3.12491450e-02 -1.02391951e-02 -7.78106302e-02 -7.46253133e-02
   5.39145470e-02  7.21206889e-02  2.45771632e-02  4.35035713e-02
   7.05078021e-02  1.91908963e-02  5.68209887e-02 -3.58520858e-02
  -7.10469298e-03 -1.97700523e-02 -2.76173942e-05  2.26452574e-02
   4.16553207e-02 -1.08320992e-02  1.09213712e-02 -4.33951654e-02
  -3.38645987e-02  3.20651345e-02 -2.77092382e-02  5.23351412e-03
   8.04964229e-02 -1.78089235e-02  8.91060606e-02  2.61154361e-02
  -2.30349042e-02  2.24185847e-02 -4.08469699e-04 -7.93915708e-03
  -1.20974786e-03  3.46445851e-02 -6.09410089e-03  5.51327132e-02
  -2.70560514e-02 -1.60385501e-02 -3.69861200e-02 -3.47170644e-02
   4.73700128e-02  9.52523276e-02 -1.04880981e-01  1.08428448e-02
  -1.16569446e-02  6.70627132e-02 -1.98768321e-02  2.80055702e-02
   8.24557990e-02 -1.30498325e-02  5.00396453e-03  5.61540984e-02
  -5.57299443e-02  6.36622980e-02  1.29802590e-02  7.28537738e-02
   1.41537357e-02 -7.56265549e-03  4.14095894e-02 -3.12995464e-02
  -8.75015650e-03  1.43491589e-02 -2.29002759e-02 -2.18098555e-02
  -3.60926203e-02 -1.30448239e-02 -3.14558335e-02 -3.43023874e-02
   5.46015278e-02 -2.46057622e-02 -2.87274588e-02  8.04471970e-02
  -5.23148924e-02 -1.12418026e-01 -4.67300341e-02 -6.84139738e-03
   5.16458675e-02  1.99131686e-02  3.98564525e-02  2.61230022e-02
   6.00051433e-02  6.88612089e-02  4.48173210e-02 -1.51582249e-02
   2.37173811e-02 -2.21222397e-02  1.90627817e-02 -2.03980645e-03
   1.28140217e-02  2.54680421e-02  8.10051039e-02  4.18382026e-02
  -1.23618357e-03 -2.37847981e-03  5.28930575e-02  9.40125510e-02
  -3.67062609e-03  7.22987503e-02  5.88168427e-02 -4.82567102e-02
   4.57700752e-02  4.59870994e-02  8.55580866e-02  3.44683556e-03
  -2.91106198e-02 -3.27699073e-02 -7.75674358e-03  1.42888131e-03
   7.61840120e-02  2.32836939e-02  7.55765140e-02 -5.51273813e-03
   2.28715148e-02 -5.19148745e-02  7.73330778e-02  5.86194359e-02
   2.18543690e-02  4.68660705e-02  2.38115346e-04 -1.05764948e-01
  -1.93853695e-02  2.80043464e-02  5.11116013e-02  2.24460644e-04
  -2.69296560e-02 -3.76018174e-02  9.79647040e-03  9.72117763e-04]], shape=(1, 512), dtype=float32)",2
