Unnamed: 0,0,1,label
runescape,4.9284286,2.9290435,0
teenmfa,-6.2650957,6.3493714,0
animalsbeingjerks,10.182054,0.3219605,0
truetf2,-7.790474,-9.056842,0
skiing,1.0095103,-3.2072446,0
nba,-10.9793625,-4.7461257,0
exittors,-0.7776088,-9.648467,0
leagueoflegends,-14.470204,5.533758,0
movies,-1.4557492,7.627239,0
mapporn,8.74771,4.6991243,0
wow,-8.627845,-4.6113067,0
greenbaypackers,4.9266896,-3.3865967,0
asoiaf,-6.989899,-4.656833,0
dayz,-14.267356,-6.456067,0
gaming,3.6715145,10.877544,0
adviceanimals,3.505149,11.420429,0
thisisourmusic,15.704894,5.835722,0
beerporn,-4.9806447,-0.21945053,0
sysadmin,-11.734172,-2.2089143,0
twoxchromosomes,5.7059135,6.5803185,0
cigars,3.376785,-13.037064,0
todayilearned,2.158129,8.769347,0
pics,3.7356892,9.3888035,0
technology,10.216253,8.951427,0
canadapolitics,7.7645116,12.058356,0
malefashionadvice,-12.624042,-3.869484,0
electricians,7.7730103,-0.29817045,0
smite,-16.616703,-1.2001848,0
guns,1.2922763,-1.9229056,0
random_acts_of_amazon,-15.389406,1.0483907,0
skyrim,-7.10528,-2.9585943,0
pathofexile,-12.616663,-6.0587506,0
sidehugs,12.324723,-3.8564088,0
cats,-6.6637783,1.2680632,0
airsoft,-14.965133,0.50469565,0
intp,4.316638,-0.6493128,0
funny,3.3688643,9.710465,0
justrolledintotheshop,-6.09738,1.5927677,0
keto,-14.985035,2.1912653,0
books,1.3309007,3.1117256,0
community,7.210233,-3.4123414,0
losangeles,-7.3232474,-0.9251208,0
science,9.005277,9.595818,0
windowsphone,-10.254118,-3.7820835,0
bestof,1.8261011,9.268034,0
engineeringstudents,-8.7415085,-3.1393895,0
teenagers,-13.533001,1.510155,0
ps4,-12.312553,-6.9670796,0
nfl,-4.1254683,-9.573655,0
fatpeoplestories,2.4674997,-4.868829,0
soccer,4.2970724,7.25215,0
babybumps,-13.732162,1.7017225,0
art,6.8190017,9.445634,0
gallifrey,1.2213737,-6.436061,0
battlefield_4,-11.206694,-6.407964,0
hockey,-15.2781515,-4.6907783,0
lebanon,5.6407847,-9.782784,0
unitedkingdom,10.216196,10.85741,0
arrow,-14.273642,-0.73926175,0
sports,3.6025581,7.8926964,0
conspiro,2.6505597,14.422666,0
cellphones,6.3731933,-10.941515,0
tall,10.540467,-8.928965,0
entrepreneur,-9.492016,3.4299068,0
mlplounge,5.895122,14.133065,0
chineselanguage,10.97003,1.1039389,0
aww,4.742448,10.362232,0
fifa,-10.602646,-5.554469,0
cringepics,0.68898433,4.951178,0
wtf,2.180292,8.277939,0
dota2,-9.650695,-2.6142104,0
skyrimmods,-8.860553,-8.478307,0
raisedbynarcissists,-14.039117,2.535603,0
lewronggeneration,6.0598483,0.48528278,0
shinypokemon,-19.705559,1.791809,0
kerbalspaceprogram,1.706975,-2.0532522,0
ubuntu,-2.7381032,3.4665983,0
worldnews,10.74199,9.469304,0
circlejerk,9.297702,11.481991,0
mentalhealth,-0.8425702,1.2816036,0
pokemon,-8.292366,1.0498656,0
music,-7.6547413,3.7868502,0
leafs,-8.467268,5.151207,0
mechanicalkeyboards,-12.201659,-5.137923,0
mildlyinfuriating,-4.6918287,1.2690951,0
astronomy,9.49107,-0.60902095,0
vita,-11.865952,-8.567006,0
iama,1.3047198,7.8801727,0
heroesofnewerth,-2.3802915,11.755647,0
taiwan,8.550666,3.1849809,0
starcitizen_trades,-15.698508,0.26439053,0
videos,10.563878,6.3144317,0
bigboobproblems,7.536944,-6.0857973,0
phoenix,3.9710965,-4.4736013,0
pka,-13.804517,-4.164079,0
dota2trade,-2.2341673,13.08414,0
ford,7.892651,-4.938331,0
eminem,3.0778613,-2.9813871,0
ultrahardcore,-8.922218,7.791856,0
spiderman,4.5123243,-5.970132,0
gifs,4.789946,8.361131,0
libertarian,7.436117,10.93937,0
2007scape,5.3197813,14.626327,0
army,6.286163,-2.0276728,0
cfb,-3.422094,-4.2363067,0
roosterteeth,0.42427468,-4.606743,0
metacanada,8.6101055,1.7189069,0
chicago,5.117703,-1.1772281,0
frugal,-0.4826728,0.5852387,0
shingekinokyojin,3.983313,-6.0501046,0
rawdenim,-9.2507515,-1.3336986,0
pcmasterrace,1.575843,11.240098,0
erotichypnosis,-1.5764483,-9.577995,0
sex,-4.5784492,3.2208064,0
browns,-1.1107043,-4.8671727,0
tf2,6.164277,3.2217996,0
bostonbruins,-4.5956225,-2.9179888,0
news,7.383446,9.010017,0
mma,-0.9646899,-1.2632064,0
hiphopheads,-15.67229,-5.17565,0
grandtheftautov,-9.831218,-6.682381,0
montreal,5.006181,0.5190307,0
rage,7.973075,4.239751,0
nascar,-10.432008,-1.1290942,0
breakingbad,7.5859823,-5.1008706,0
folkpunk,-2.5485015,-7.2588215,0
breastfeeding,-8.054485,-0.40000996,0
orioles,9.698341,-9.708685,0
hiphopcirclejerk,1.9040083,-3.4239004,0
dachshund,11.779718,-9.338693,0
kpop,-10.833011,-2.5889068,0
iosthemes,-19.026909,1.0753111,0
baseball,-1.717475,-1.9578022,0
snsd,-2.4091506,12.440517,0
starcraft,-9.722861,-3.169271,0
collegebasketball,-4.578697,12.05619,0
wicked_edge,-14.83682,-1.5018902,0
makeupaddiction,-15.013618,4.561828,0
askscience,7.7773232,7.976169,0
actuallesbians,-13.270843,2.6115527,0
secretsanta,-9.962403,0.70470023,0
hcfactions,-6.8321505,-2.2743232,0
creepypms,-6.460367,0.30815557,0
starbound,-10.484088,-8.024704,0
trees,-15.917317,4.0309467,0
fantasybball,-5.159623,12.97304,0
jailbreak,-16.878698,0.44216272,0
trollxchromosomes,-13.877797,5.5422306,0
animalcrossing,-17.298037,-1.4042424,0
strife,-8.758712,9.186094,0
futurama,5.3311243,-6.285709,0
meditation,3.1551862,1.952088,0
buildapc,-11.489229,-6.1252365,0
games,-0.15062891,9.768027,0
drunk,-0.3868667,3.1033616,0
pcgaming,-8.424293,-7.5855327,0
flyers,-13.030732,-2.676701,0
legaladvice,-7.4307327,4.161782,0
television,6.9882884,1.7810183,0
seahawks,-2.0338163,-4.009405,0
rateme,7.1316743,-1.8032742,0
iasip,0.07273761,-5.388056,0
squaredcircle,-0.08971475,-3.5028896,0
nygiants,5.603298,-3.6800973,0
musicals,9.381185,-3.2996979,0
propagandaposters,-0.598925,7.9898944,0
liberal,10.265773,3.695976,0
offbeat,9.336441,8.896907,0
australia,8.255897,6.019859,0
dogs,-7.5890794,-0.1184203,0
steam,-2.0083272,8.869107,0
cringe,7.0380635,4.3743105,0
military,9.0073805,3.699221,0
politics,8.618289,7.409634,0
conspiracy,5.01151,9.066395,0
gamedeals,-0.92116255,9.233943,0
mindcrack,-12.708733,-0.30786988,0
playrust,2.7923944,-2.0648298,0
tumblrinaction,8.447479,11.822303,0
argentina,6.790026,7.192583,0
tagpro,4.723542,-1.4610039,0
seattle,-0.037731487,4.006302,0
vegan,6.024141,7.839411,0
foodporn,4.3840647,5.111597,0
compsci,1.8940219,-6.5840554,0
bitcoin,-1.9445144,1.8337418,0
calligraphy,7.338077,-2.6366436,0
litecoin,1.8904501,-6.010405,0
deadbedrooms,7.940576,-4.1234365,0
canes,-4.3237853,-2.982969,0
ps3,-9.777956,-7.5207367,0
connecticut,5.9331017,-3.9865708,0
3ds,-10.847217,-8.377558,0
onepiece,-12.851563,-0.22897306,0
skrillex,-13.630171,-2.009363,0
crossfit,0.021000288,-6.4430223,0
makinghiphop,-11.869721,-3.2872946,0
okcupid,3.3842294,-13.252485,0
beardeddragons,-9.345317,-5.032331,0
newzealand,-0.5227763,-2.1210847,0
lostgeneration,9.15159,5.133197,0
documentaries,8.138848,10.488053,0
chicagobulls,-8.586696,5.876113,0
cowboys,-2.9142709,-3.9420204,0
opiates,-12.03645,1.8106242,0
subaru,-15.638468,-3.3428597,0
hearthstone,-7.9857225,-5.2451334,0
homebrewing,-15.653002,-2.5331328,0
trashy,1.6898254,5.240692,0
incels,-3.3401833,-7.069083,0
progresspics,-6.930569,4.162963,0
whitesox,5.7448273,-7.3355665,0
sjwhate,7.7796764,4.415879,0
trailerparkboys,3.511641,-0.3929286,0
whitepeoplegifs,0.11210313,-15.391252,0
spicy,12.706189,-4.852968,0
trashyboners,6.771686,-7.4366956,0
whiteknighting,-1.4315172,7.418486,0
botwatch,-3.9667742,1.3223397,0
whitewater,-2.0867853,-9.193362,0
trailers,11.281248,0.52420366,0
tycoon,0.23209514,-11.961094,0
gifsthatendtoosoon,11.485799,-8.120163,0
isrconspiracyracist,9.464227,-2.81091,0
mainecoons,-2.8911068,-12.653867,0
jackwhite,10.262886,-5.049216,0
whitebeauty,-5.2031107,8.581531,0
redneckengineering,10.843615,-0.4755654,0
whitecollar,-0.4344103,-9.451411,0
trashpandas,9.134297,-7.602136,0
dolphinconspiracy,3.4503605,-7.6427293,0
ketchuphate,-2.624004,-9.713599,0
conspiracyfact,13.566617,-2.0926337,0
fatpeoplehatehate,3.086757,-8.765961,0
ifuckinghatecats,10.677841,-7.272639,0
suspiciousquotes,5.957717,-10.082676,0
shittyconspiracy,9.003749,-4.3216166,0
grandpajoehate,15.954061,0.70980453,0
ellenpaohate,15.95042,0.7065308,0
chickenhater,10.229217,-7.545649,0
thoseconspiracyguys,-0.75003016,-11.161672,0
fuckcoontown,-1.0681053,-9.756773,0
redneckfixes,12.120433,-7.8909144,0
incelswithouthate,-7.1261373,9.464336,0
sjw_hate,-5.4514847,8.71557,0
farpeoplehate,7.17505,-9.197825,0
onionhate,1.6859474,-0.24579285,0
rykerhate,3.3006475,-8.437543,0
whitewatercirclejerk,-6.385926,7.8562827,0
fnafhate,13.93049,-5.2315445,0
ihatecats,9.358954,-6.0565057,0
nonwhite,5.7602706,-4.727925,0
conspiracytheories,11.593947,1.3045539,0
whatever2,-6.474773,8.634316,0
conspiracyhub,15.283322,-3.4892695,0
ihaterconspiracyclub,15.268143,-3.524488,0
fatsquirrelhate,9.741461,-6.1736965,0
gildedconspiracy,12.8623085,-5.378328,0
modpeoplehate,7.9417925,-7.803218,0
roycewhite,-5.3415184,13.18184,0
conspiracybestof,13.822321,-2.4372544,0
deadpoolhatersclub,8.703051,-7.0559387,0
tipofmytongue,1.1076343,1.4204482,0
pokemontrades,-19.447279,2.920764,0
52weeksofcooking,-8.765923,7.7345734,0
askreddit,11.420552,9.0598755,0
conspiracydocumentary,11.395914,-3.4531245,0
advice,-0.31149378,2.4700282,0
dogemarket,3.0800474,1.6173879,0
robintracking,10.676277,-3.616103,0
steamgameswap,8.438367,13.378328,0
opiatesrecovery,-6.114207,-2.0521803,0
blog,-1.30946,-8.53703,0
casualiama,2.49254,6.602386,0
summonerschool,4.584718,15.842844,0
playrustservers,-6.802878,-7.1794114,0
askmen,-5.436198,3.521746,0
pokemongiveaway,-19.55982,1.9477314,0
freedonuts,0.6134185,16.736744,0
politicaldiscussion,9.916147,4.1516757,0
relationships,-11.706752,4.0235972,0
incelsgonewild,-7.37562,9.573093,0
whitepeoplefacebook,0.66327935,-10.055309,0
writingprompts,8.346849,8.822122,0
svexchange,-20.096977,2.1604242,0
askwomen,-3.0373158,5.297526,0
